<?xml version="1.0" encoding="UTF-8" standalone="yes"?>
<DanhSachGiay>
    <Giay>
        <MaGiay>G001</MaGiay>
        <TenGiay>Nike Air Force 2</TenGiay>
        <Hang>Nike</Hang>
        <Size>40</Size>
        <MauSac>Trắng</MauSac>
        <Gia>2500000.0</Gia>
        <NgayNhap>2025-07-01T00:00:00+07:00</NgayNhap>
        <SoLuongTon>132</SoLuongTon>
        <HinhAnh>C:\Users\nguyennghia\Desktop\oopsFinal\QuanLyShopGiay (1)\images\guccido.jpg</HinhAnh>
    </Giay>
    <Giay>
        <MaGiay>G002</MaGiay>
        <TenGiay>Adidas Stan Smith</TenGiay>
        <Hang>Adidas</Hang>
        <Size>41</Size>
        <MauSac>Trắng/Xanh</MauSac>
        <Gia>1900000.0</Gia>
        <NgayNhap>2025-07-02T00:00:00+07:00</NgayNhap>
        <SoLuongTon>50</SoLuongTon>
        <HinhAnh>images/giaydidas.jpg</HinhAnh>
    </Giay>
    <Giay>
        <MaGiay>G003</MaGiay>
        <TenGiay>gucci rython</TenGiay>
        <Hang>gucci</Hang>
        <Size>39</Size>
        <MauSac>Vàng</MauSac>
        <Gia>2.9E7</Gia>
        <NgayNhap>2025-07-03T00:00:00+07:00</NgayNhap>
        <SoLuongTon>150</SoLuongTon>
        <HinhAnh>images/giayguccci.jpg</HinhAnh>
    </Giay>
    <Giay>
        <MaGiay>G004</MaGiay>
        <TenGiay>Adidas Hồng</TenGiay>
        <Hang>Adidas</Hang>
        <Size>40</Size>
        <MauSac>hồng/đen</MauSac>
        <Gia>1000000.0</Gia>
        <NgayNhap>2025-02-02T00:00:00+07:00</NgayNhap>
        <SoLuongTon>500</SoLuongTon>
        <HinhAnh>images\joden.jpg</HinhAnh>
    </Giay>
    <Giay>
        <MaGiay>G005</MaGiay>
        <TenGiay>Giày tây</TenGiay>
        <Hang>Reman</Hang>
        <Size>43</Size>
        <MauSac>Nâu</MauSac>
        <Gia>1.9E7</Gia>
        <NgayNhap>2025-07-05T00:00:00+07:00</NgayNhap>
        <SoLuongTon>80</SoLuongTon>
        <HinhAnh>images/giayda.jpg</HinhAnh>
    </Giay>
    <Giay>
        <MaGiay>G006</MaGiay>
        <TenGiay>Nike AF1</TenGiay>
        <Hang>Nike</Hang>
        <Size>39</Size>
        <MauSac>Hồng /xanh</MauSac>
        <Gia>1.09E7</Gia>
        <NgayNhap>2024-07-02T00:00:00+07:00</NgayNhap>
        <SoLuongTon>60</SoLuongTon>
        <HinhAnh>images/nikenu.jpg</HinhAnh>
    </Giay>
    <Giay>
        <MaGiay>G007</MaGiay>
        <TenGiay>Gucci nam</TenGiay>
        <Hang>Gucci</Hang>
        <Size>41</Size>
        <MauSac>Trắng</MauSac>
        <Gia>2.9E7</Gia>
        <NgayNhap>2025-07-02T00:00:00+07:00</NgayNhap>
        <SoLuongTon>30</SoLuongTon>
        <HinhAnh>images/Giay-Gucci-nam.jpg</HinhAnh>
    </Giay>
    <Giay>
        <MaGiay>G008</MaGiay>
        <TenGiay>Guccist</TenGiay>
        <Hang>Gucci</Hang>
        <Size>41</Size>
        <MauSac>Nâu</MauSac>
        <Gia>1.9E7</Gia>
        <NgayNhap>2025-04-02T00:00:00+07:00</NgayNhap>
        <SoLuongTon>50</SoLuongTon>
        <HinhAnh>images/guccist.jpg</HinhAnh>
    </Giay>
    <Giay>
        <MaGiay>G009</MaGiay>
        <TenGiay>Gucci da</TenGiay>
        <Hang>Gucci</Hang>
        <Size>41</Size>
        <MauSac>Nâu</MauSac>
        <Gia>4.0E7</Gia>
        <NgayNhap>2024-09-02T00:00:00+07:00</NgayNhap>
        <SoLuongTon>50</SoLuongTon>
        <HinhAnh>images/guccida.jpg</HinhAnh>
    </Giay>
    <Giay>
        <MaGiay>G010</MaGiay>
        <TenGiay>Giày thể thao</TenGiay>
        <Hang>Din cox</Hang>
        <Size>42</Size>
        <MauSac>Trắng</MauSac>
        <Gia>900000.0</Gia>
        <NgayNhap>2025-01-24T00:00:00+07:00</NgayNhap>
        <SoLuongTon>150</SoLuongTon>
        <HinhAnh>images/giaythethao.jpg</HinhAnh>
    </Giay>
    <Giay>
        <MaGiay>G011</MaGiay>
        <TenGiay>Sport and CO</TenGiay>
        <Hang>Fila</Hang>
        <Size>39</Size>
        <MauSac>Trắng</MauSac>
        <Gia>950000.0</Gia>
        <NgayNhap>2025-07-12T00:00:00+07:00</NgayNhap>
        <SoLuongTon>90</SoLuongTon>
        <HinhAnh>images/fila.jpg</HinhAnh>
    </Giay>
    <Giay>
        <MaGiay>G012</MaGiay>
        <TenGiay>Nike Joden</TenGiay>
        <Hang>Nike</Hang>
        <Size>41</Size>
        <MauSac>Trắng/Đen</MauSac>
        <Gia>1902000.0</Gia>
        <NgayNhap>2024-10-22T00:00:00+07:00</NgayNhap>
        <SoLuongTon>70</SoLuongTon>
        <HinhAnh>images/joden.jpg</HinhAnh>
    </Giay>
    <Giay>
        <MaGiay>G013</MaGiay>
        <TenGiay>Adidas Stan</TenGiay>
        <Hang>Adidas</Hang>
        <Size>38</Size>
        <MauSac>Trắng</MauSac>
        <Gia>110000.0</Gia>
        <NgayNhap>2025-03-02T00:00:00+07:00</NgayNhap>
        <SoLuongTon>56</SoLuongTon>
        <HinhAnh>images/fly.jfif</HinhAnh>
    </Giay>
    <Giay>
        <MaGiay>G014</MaGiay>
        <TenGiay>Nike AIR</TenGiay>
        <Hang>Nike</Hang>
        <Size>40</Size>
        <MauSac>Vàng</MauSac>
        <Gia>9400000.0</Gia>
        <NgayNhap>2025-01-02T00:00:00+07:00</NgayNhap>
        <SoLuongTon>130</SoLuongTon>
        <HinhAnh>images\joden.jpg</HinhAnh>
    </Giay>
    <Giay>
        <MaGiay>G015</MaGiay>
        <TenGiay>gucci đỏ</TenGiay>
        <Hang>Gucci</Hang>
        <Size>42</Size>
        <MauSac>đỏ</MauSac>
        <Gia>1.9E7</Gia>
        <NgayNhap>2025-06-02T00:00:00+07:00</NgayNhap>
        <SoLuongTon>60</SoLuongTon>
        <HinhAnh>images/guccido.jpg</HinhAnh>
    </Giay>
    <Giay>
        <MaGiay>G016</MaGiay>
        <TenGiay>Wika01</TenGiay>
        <Hang>Wika</Hang>
        <Size>42</Size>
        <MauSac>Hồng</MauSac>
        <Gia>1000000.0</Gia>
        <NgayNhap>2025-07-24T00:00:00+07:00</NgayNhap>
        <SoLuongTon>100</SoLuongTon>
        <HinhAnh>C:\Users\nguyennghia\Desktop\oopsFinal\QuanLyShopGiay (1)\images\fila.jpg</HinhAnh>
    </Giay>
    <Giay>
        <MaGiay>G017</MaGiay>
        <TenGiay>Test</TenGiay>
        <Hang>Phenikaa</Hang>
        <Size>40</Size>
        <MauSac>xanh/cam</MauSac>
        <Gia>999000.0</Gia>
        <NgayNhap>2025-07-23T07:09:31.403+07:00</NgayNhap>
        <SoLuongTon>100</SoLuongTon>
        <HinhAnh>C:\Users\nguyennghia\Desktop\oopsFinal\QuanLyShopGiay (1)\images\giaythethao.jpg</HinhAnh>
    </Giay>
</DanhSachGiay>
